{
  "timestamp": "2026-01-28T12:42:05.903615",
  "results": [
    {
      "total_cost": 124780.73333333334,
      "cost_std": 32614.55327297241,
      "fill_rate_mean": 0.8020944157673813,
      "service_level_mean": 0.5768888888888889,
      "bullwhip_mean": 1.0066400808104974,
      "cost_per_agent": [
        104212.23333333334,
        15387.8,
        5180.7
      ],
      "fill_rate_per_agent": [
        0.4849226429009221,
        0.9251808064604321,
        0.9961797979407897
      ],
      "service_level_per_agent": [
        0.14233333333333334,
        0.6733333333333333,
        0.9150000000000001
      ],
      "bullwhip_per_agent": [
        1.0367323475359929,
        1.021770547723682,
        0.961417347171817
      ],
      "train_time": 8295.436431646347,
      "episodes_trained": 1450,
      "stop_reason": "no_improvement_for_15_evals",
      "config_name": "cost_focused",
      "cost_weight": 1.0,
      "service_weight": 0.0,
      "seed": 1
    },
    {
      "total_cost": 111170.90000000001,
      "cost_std": 32864.372951419595,
      "fill_rate_mean": 0.8100515109547833,
      "service_level_mean": 0.5583333333333335,
      "bullwhip_mean": 1.0102136100201211,
      "cost_per_agent": [
        90010.7,
        16110.6,
        5049.6
      ],
      "fill_rate_per_agent": [
        0.5287470516819127,
        0.9113074124077777,
        0.9901000687746593
      ],
      "service_level_per_agent": [
        0.17666666666666667,
        0.6330000000000001,
        0.8653333333333334
      ],
      "bullwhip_per_agent": [
        1.0657760822946234,
        0.9801141473903923,
        0.9847506003753473
      ],
      "train_time": 7819.4578058719635,
      "episodes_trained": 1350,
      "stop_reason": "no_improvement_for_15_evals",
      "config_name": "cost_focused",
      "cost_weight": 1.0,
      "service_weight": 0.0,
      "seed": 2
    },
    {
      "total_cost": 125422.99999999999,
      "cost_std": 28770.446957482836,
      "fill_rate_mean": 0.8085915020120451,
      "service_level_mean": 0.594,
      "bullwhip_mean": 1.0089708142387315,
      "cost_per_agent": [
        109539.4,
        11202.833333333334,
        4680.766666666666
      ],
      "fill_rate_per_agent": [
        0.46689520361319276,
        0.9625830061266463,
        0.9962962962962963
      ],
      "service_level_per_agent": [
        0.12166666666666666,
        0.7796666666666666,
        0.8806666666666666
      ],
      "bullwhip_per_agent": [
        1.056961873555926,
        1.0089542159204101,
        0.9609963532398583
      ],
      "train_time": 7225.258635520935,
      "episodes_trained": 1250,
      "stop_reason": "no_improvement_for_15_evals",
      "config_name": "cost_focused",
      "cost_weight": 1.0,
      "service_weight": 0.0,
      "seed": 3
    },
    {
      "total_cost": 114554.93333333333,
      "cost_std": 26541.13946678921,
      "fill_rate_mean": 0.7987041823343967,
      "service_level_mean": 0.5365555555555556,
      "bullwhip_mean": 0.9858737758392963,
      "cost_per_agent": [
        87233.63333333333,
        20792.966666666667,
        6528.333333333333
      ],
      "fill_rate_per_agent": [
        0.5359591703110161,
        0.8800827844056721,
        0.9800705922865014
      ],
      "service_level_per_agent": [
        0.1696666666666667,
        0.561,
        0.879
      ],
      "bullwhip_per_agent": [
        0.9900459444118962,
        0.9851881745043088,
        0.9823872086016837
      ],
      "train_time": 7523.905828952789,
      "episodes_trained": 1300,
      "stop_reason": "no_improvement_for_15_evals",
      "config_name": "cost_leaning",
      "cost_weight": 0.7,
      "service_weight": 0.3,
      "seed": 1
    },
    {
      "total_cost": 112543.33333333334,
      "cost_std": 18449.061729228637,
      "fill_rate_mean": 0.8157710758960013,
      "service_level_mean": 0.571111111111111,
      "bullwhip_mean": 0.9963428658098676,
      "cost_per_agent": [
        94921.1,
        12969.1,
        4653.133333333333
      ],
      "fill_rate_per_agent": [
        0.5007621176425804,
        0.949726726822573,
        0.9968243832228507
      ],
      "service_level_per_agent": [
        0.1473333333333333,
        0.6786666666666666,
        0.8873333333333331
      ],
      "bullwhip_per_agent": [
        1.0528935692125956,
        0.9880668000640391,
        0.9480682281529684
      ],
      "train_time": 6624.827553987503,
      "episodes_trained": 1250,
      "stop_reason": "no_improvement_for_15_evals",
      "config_name": "cost_leaning",
      "cost_weight": 0.7,
      "service_weight": 0.3,
      "seed": 2
    },
    {
      "total_cost": 116888.76666666666,
      "cost_std": 30335.231747571812,
      "fill_rate_mean": 0.8104236485980937,
      "service_level_mean": 0.5654444444444445,
      "bullwhip_mean": 1.010621499003669,
      "cost_per_agent": [
        98333.76666666666,
        13793.4,
        4761.6
      ],
      "fill_rate_per_agent": [
        0.49976851217697477,
        0.9384791778033531,
        0.9930232558139535
      ],
      "service_level_per_agent": [
        0.14533333333333334,
        0.6533333333333335,
        0.8976666666666665
      ],
      "bullwhip_per_agent": [
        1.0465239001361408,
        1.0163639005738991,
        0.968976696300967
      ],
      "train_time": 8686.485156536102,
      "episodes_trained": 1650,
      "stop_reason": "no_improvement_for_15_evals",
      "config_name": "cost_leaning",
      "cost_weight": 0.7,
      "service_weight": 0.3,
      "seed": 3
    },
    {
      "total_cost": 121145.23333333334,
      "cost_std": 29998.541787541755,
      "fill_rate_mean": 0.8049993850356607,
      "service_level_mean": 0.5884444444444443,
      "bullwhip_mean": 0.9957716593022111,
      "cost_per_agent": [
        98573.6,
        17339.066666666666,
        5232.566666666667
      ],
      "fill_rate_per_agent": [
        0.5099528395387654,
        0.9050453155682168,
        1.0
      ],
      "service_level_per_agent": [
        0.14433333333333334,
        0.6576666666666665,
        0.9633333333333332
      ],
      "bullwhip_per_agent": [
        1.0360364579541887,
        0.9709061305820834,
        0.9803723893703614
      ],
      "train_time": 7899.959909915924,
      "episodes_trained": 1450,
      "stop_reason": "no_improvement_for_15_evals",
      "config_name": "balanced",
      "cost_weight": 0.5,
      "service_weight": 0.5,
      "seed": 1
    },
    {
      "total_cost": 127032.06666666668,
      "cost_std": 24934.450441017456,
      "fill_rate_mean": 0.7908888335761306,
      "service_level_mean": 0.5852222222222222,
      "bullwhip_mean": 1.0044422528795627,
      "cost_per_agent": [
        104128.1,
        16852.666666666668,
        6051.3
      ],
      "fill_rate_per_agent": [
        0.4800072769758494,
        0.9029740988882643,
        0.9896851248642781
      ],
      "service_level_per_agent": [
        0.14400000000000002,
        0.6646666666666665,
        0.947
      ],
      "bullwhip_per_agent": [
        1.0238924702641872,
        1.010836658074914,
        0.9785976302995871
      ],
      "train_time": 13440.7254281044,
      "episodes_trained": 2250,
      "stop_reason": "no_improvement_for_15_evals",
      "config_name": "balanced",
      "cost_weight": 0.5,
      "service_weight": 0.5,
      "seed": 2
    },
    {
      "total_cost": 123388.83333333333,
      "cost_std": 28256.95871826187,
      "fill_rate_mean": 0.7939849717409618,
      "service_level_mean": 0.573,
      "bullwhip_mean": 1.0136985784014418,
      "cost_per_agent": [
        99497.5,
        18036.866666666665,
        5854.466666666666
      ],
      "fill_rate_per_agent": [
        0.4949523701437437,
        0.901014433568922,
        0.9859881115102197
      ],
      "service_level_per_agent": [
        0.1503333333333333,
        0.7156666666666666,
        0.8530000000000001
      ],